Education_Level,Line_Number,Employed,Unemployed,Industry,Gender,
Bachelor's Degree,326,118000,2000,Agriculture,Male,
High School Diploma,195,11134000,240000,Agriculture,Female,
High School Diploma,129,675000,15000,Retail,Female,
Master's Degree,406,131500,3500,Agriculture,Male,
High School,1463,4031000,115000,Retail Trade,Male,
Bachelor's Degree,426,136900,4100,Manufacturing,Male,
Bachelor's Degree,458,136900,4100,Agriculture,Male,
Bachelor's Degree,410,136900,4100,Agriculture,Male,
High School,1462,4018000,123000,Retail Trade,Female,
Associate's Degree,507,53350,1650,Education,Male,
High School,1461,4004000,132000,Retail Trade,Male,
High School,1460,3990000,140000,Retail Trade,Female,
High School,1459,3974000,149000,Retail Trade,Male,
High School Diploma,442,154900,6100,Healthcare,Male,
High School,1458,3958000,157000,Retail Trade,Female,
Bachelor's Degree,520,86500,3500,Energy,Male,
Bachelor's Degree,1213,11908700,483400,Health Care,Female,
Bachelor's Degree,371,192000,8000,Finance,Female,
High School,1457,3942000,165000,Retail Trade,Male,
Bachelor's Degree,434,182000,8000,Agriculture,Male,
High School,1456,3925000,173000,Retail Trade,Female,
High School Diploma,511,76500,3500,Agriculture,Female,
High School,1455,3907000,182000,Retail Trade,Male,
High School Diploma,487,90750,4250,Healthcare,Female,
Bachelor's Degree,1209,11812600,570500,Financial Services,Female,
High School Diploma,1205,11729600,574600,Technology,Female,
High School,1439,5625,276,Technology,Male,
Master's Degree,1438,5600,275,Healthcare,Female,
High School,1454,3889000,191000,Retail Trade,Female,
Master's Degree,1511,4691822,230540,Education,Male,
High School,1437,5571,274,Education,Male,
Associate's Degree,667,81000,4000,Hospitality,Female,
Master's Degree,754,81000,4000,Education,Male,
Master's Degree,702,81000,4000,Finance,Male,
Associate's Degree,554,81000,4000,Professional and Business S.,Male,
High School Diploma,538,81000,4000,Professional and Business S.,Male,
Master's Degree,679,81000,4000,Hospitality,Female,
Associate's Degree,739,81000,4000,Hospitality,Female,
High School,1428,5200,258,Technology,Female,
Bachelor's Degree,506,93300,4700,Finance,Male,
College,1201,11654300,589700,Technology,Female,
High School Diploma,1294,11654300,589700,Retail,Male,
High School Diploma,1278,11654300,589700,Education,Male,
Bachelor's Degree,1425,5079,257,Finance,Male,
Bachelor's Degree,1510,4680886,236931,Information,Female,
High School,1426,5118,260,Education,Female,
Master's Degree,1427,5157,263,Healthcare,Male,
High School,1453,3871000,199000,Retail Trade,Male,
High School,1451,5800,300,Manufacturing,Male,
College,1509,4670674,242570,Retail,Male,
Graduate,1450,5700,300,Technology,Female,
High School Diploma,1197,11561000,615900,Technology,Female,
High School,1508,4660495,248411,Construction,Female,
Master's Degree,914,5022,269,Technology,Male,
High School,1424,5022,269,Technology,Female,
High School Diploma,1178,5022,269,Technology,Male,
Associate's Degree,555,5022,269,"Trade, Transportation, Util.",Female,
Master's Degree,730,5022,269,Education,Male,
High School Diploma,1110,5022,269,Agriculture,Male,
Associate's Degree,1015,5022,269,Retail,Female,
Bachelor's Degree,979,5022,269,Energy,Female,
College,1449,5600,300,Education,Male,
High School,1452,3853000,208000,Retail Trade,Female,
Bachelor's Degree,1268,17365200,947100,Energy,Male,
High School,1448,5500,300,Retail,Female,
Master's Degree,1507,4650797,253889,Manufacturing,Male,
Associate's Degree,1264,17364500,951000,Technology,Male,
Master's Degree,1423,4965,272,Healthcare,Male,
Master's Degree,579,62000,3400,Finance,Female,
High School Diploma,1150,62000,3400,Professional and Business S.,Male,
High School Diploma,762,62000,3400,Hospitality,Male,
Master's Degree,1043,62000,3400,Agriculture,Female,
Associate's Degree,895,62000,3400,Hospitality,Female,
Associate's Degree,935,62000,3400,Professional and Business S.,Female,
Associate's Degree,550,62000,3400,Professional and Business S.,Male,
Master's Degree,1014,62000,3400,Technology,Male,
High School Diploma,49,62000,3400,Healthcare,Female,
Bachelor's Degree,1252,17489600,961400,Technology,Male,
High School,1421,4876,269,Finance,Male,
Associate's Degree,1260,17367000,959200,Technology,Male,
Bachelor's Degree,1422,4923,273,Education,Female,
Graduate,1447,5400,300,Finance,Male,
Bachelor's Degree,1506,4642724,258165,Healthcare,Female,
College,1446,5300,300,Healthcare,Female,
College,1505,4634769,262653,Finance,Male,
College,1269,12349100,706000,Hospitality,Female,
High School,1265,12351400,710600,Retail,Female,
Bachelor's Degree,1372,5329795,306760,Health Care,Female,
Bachelor's Degree,1261,12353300,711400,Retail,Female,
High School Diploma,1253,12442000,717800,Retail,Female,
High School,1445,5200,300,Manufacturing,Male,
High School,1504,4627225,266990,Education,Female,
Bachelor's Degree,805,12100000,700000,Finance,Female,
Bachelor's Degree,364,118125,6875,Education,Male,
Master's Degree,394,118125,6875,Healthcare,Male,
High School Diploma,346,118125,6875,Healthcare,Male,
Master's Degree,298,118125,6875,Healthcare,Male,
High School Diploma,789,12000000,700000,Finance,Female,
College,1371,5311429,310347,Finance and Insurance,Male,
Master's Degree,1503,4620168,271161,Information,Male,
Graduate,1444,5100,300,Technology,Female,
Associate's Degree,772,11900000,700000,Manufacturing,Male,
High School,1370,5295262,313570,Manufacturing,Female,
Bachelor's Degree,765,11800000,700000,Construction,Female,
Associate's Degree,1212,13584200,807000,Retail,Male,
Bachelor's Degree,1502,4613335,275180,Retail,Female,
College,1501,4610273,275713,Construction,Male,
College,1384,7523000,451000,Financial Services,Female,
College,1443,5000,300,Education,Male,
High School,1470,3877827,234000,Education,Female,
Master's Degree,1369,5279014,318584,Retail Trade,Male,
Bachelor's Degree,1383,7508000,454000,Education Services,Male,
Bachelor's Degree,1464,3802536,230000,Technology,Female,
Bachelor's Degree,1469,3866255,234000,Healthcare,Male,
College,1351,6707000,406000,Health Care,Male,
Master's Degree,1471,3892329,236000,Finance,Male,
Bachelor's Degree,1472,3908215,237000,Technology,Female,
High School,1382,7498000,455000,Manufacturing,Female,
Associate's Degree,1208,13551800,822800,Hospitality,Male,
High School,1349,6685000,406000,Construction,Male,
High School,1465,3808680,232000,Healthcare,Male,
Bachelor's Degree,1368,5263819,321634,Wholesale Trade,Female,
High School Diploma,1202,13504000,825500,Retail,Male,
Bachelor's Degree,1204,13504000,825500,Manufacturing,Male,
Bachelor's Degree,1380,7456000,456000,Healthcare Services,Female,
College,1381,7472000,457000,Retail,Male,
High School,1442,4900,300,Healthcare,Female,
High School,1473,3918491,240000,Healthcare,Male,
College,1375,7362000,451000,Healthcare Services,Male,
High School,1500,4600112,282730,Manufacturing,Female,
Bachelor's Degree,1475,3946542,243000,Finance,Male,
High School,1376,7386000,455000,Retail,Female,
Master's Degree,1466,3820902,236000,Education,Female,
College,1367,5240404,323914,Professional Services,Male,
High School,1468,3849511,238000,Technology,Female,
Master's Degree,1474,3929381,243000,Education,Female,
High School,1379,7438000,461000,Financial Services,Male,
Bachelor's Degree,1377,7403000,459000,Manufacturing,Male,
Bachelor's Degree,1374,7345000,457000,Financial Services,Female,
College,1378,7422000,462000,Education Services,Female,
Bachelor's Degree,1467,3830349,239000,Finance,Male,
College,1441,4800,300,Retail,Male,
College,1347,6649000,416000,Education,Male,
High School,1366,5213332,326589,Health Care,Female,
High School Diploma,1273,12212200,765600,Healthcare,Female,
Bachelor's Degree,1249,13415600,842200,Technology,Female,
Bachelor's Degree,1200,13415600,842200,Manufacturing,Male,
High School,1373,7323000,461000,Education Services,Male,
High School,861,6622000,422000,Transportation,Female,
Bachelor's Degree,813,6622000,422000,Finance,Female,
Master's Degree,767,6622000,422000,Energy,Female,
Master's Degree,575,6622000,422000,Professional and Business S.,Female,
Associate's Degree,611,6622000,422000,Professional and Business S.,Female,
High School,1345,6622000,422000,Health Care,Male,
Master's Degree,798,6622000,422000,Hospitality,Male,
High School Diploma,841,6622000,422000,Hospitality,Female,
High School Diploma,650,6622000,422000,Hospitality,Male,
Associate's Degree,683,6622000,422000,Finance,Female,
High School,832,6622000,422000,Finance,Male,
Master's Degree,286,112800,7200,Healthcare,Male,
Bachelor's Degree,378,112800,7200,Agriculture,Male,
Master's Degree,372,126900,8100,Manufacturing,Male,
Master's Degree,134,126900,8100,Manufacturing,Male,
Associate's Degree,466,103400,6600,Healthcare,Male,
Associate's Degree,368,103400,6600,Healthcare,Male,
High School Diploma,344,89300,5700,Healthcare,Male,
High School,1488,94000,6000,Finance,Female,
Bachelor's Degree,352,112800,7200,Education,Male,
High School,1440,4700,300,Finance,Female,
Bachelor's Degree,1196,13353200,855500,Manufacturing,Male,
High School Diploma,1190,13353200,855500,Education,Male,
Bachelor's Degree,1234,13353200,855500,Education,Male,
Master's Degree,1139,13353200,855500,Manufacturing,Female,
Bachelor's Degree,1159,13353200,855500,Agriculture,Female,
Bachelor's Degree,338,79875,5125,Energy,Male,
High School Diploma,365,79875,5125,Energy,Female,
Associate's Degree,395,79875,5125,Retail,Female,
Bachelor's Degree,347,79875,5125,Finance,Female,
Bachelor's Degree,299,79875,5125,Manufacturing,Female,
Doctorate,1365,5197536,335384,Education Services,Male,
High School Diploma,314,98625,6375,Healthcare,Female,
Associate's Degree,356,98625,6375,Healthcare,Male,
College,860,3929000,254000,Retail,Male,
Associate's Degree,812,3929000,254000,Manufacturing,Male,
High School Diploma,766,3929000,254000,Professional and Business S.,Male,
High School Diploma,574,3929000,254000,Finance,Male,
Master's Degree,610,3929000,254000,Energy,Male,
High School Diploma,797,3929000,254000,Finance,Female,
Master's Degree,1344,3929000,254000,Manufacturing,Female,
Bachelor's Degree,840,3929000,254000,Hospitality,Male,
High School Diploma,649,3929000,254000,Healthcare,Female,
Master's Degree,831,3929000,254000,Energy,Female,
High School Diploma,682,3929000,254000,Professional and Business S.,Male,
Associate's Degree,856,3909000,253000,Hospitality,Male,
Master's Degree,808,3909000,253000,Hospitality,Male,
College,793,3909000,253000,"Trade, Transportation, Util.",Female,
Bachelor's Degree,836,3909000,253000,Finance,Male,
High School Diploma,645,3909000,253000,Agriculture,Female,
Master's Degree,1340,3909000,253000,Health Care,Female,
Master's Degree,827,3909000,253000,Hospitality,Female,
High School Diploma,858,3914000,254000,Professional and Business S.,Male,
Bachelor's Degree,810,3914000,254000,Hospitality,Male,
Master's Degree,890,3914000,254000,Professional and Business S.,Male,
Master's Degree,795,3914000,254000,Energy,Female,
Bachelor's Degree,1342,3914000,254000,Financial Sector,Female,
Master's Degree,838,3914000,254000,Professional and Business S.,Male,
Associate's Degree,647,3914000,254000,Hospitality,Female,
Bachelor's Degree,829,3914000,254000,Health Care,Female,
Bachelor's Degree,869,3914000,254000,Health Care,Female,
Master's Degree,866,6590000,429000,Finance,Male,
Master's Degree,859,6590000,429000,Energy,Female,
Bachelor's Degree,811,6590000,429000,Hospitality,Female,
Bachelor's Degree,796,6590000,429000,Finance,Male,
College,1343,6590000,429000,Construction,Male,
Associate's Degree,891,6590000,429000,Energy,Female,
Bachelor's Degree,648,6590000,429000,Energy,Male,
Associate's Degree,839,6590000,429000,Energy,Female,
High School Diploma,830,6590000,429000,Professional and Business S.,Male,
Master's Degree,870,6590000,429000,finance,Male,
Master's Degree,1352,3980000,260000,Retail,Female,
Associate's Degree,764,18300000,1200000,Information,Male,
High School Diploma,790,18300000,1200000,Hospitality,Male,
Bachelor's Degree,1420,8981500,590500,Construction,Female,
Associate's Degree,768,18250000,1200000,Finance,Male,
Master's Degree,877,18250000,1200000,Retail,Female,
Master's Degree,272,14750000,970000,Healthcare,Male,
Master's Degree,382,152000,10000,Healthcare,Male,
High School,1491,91000,6000,Manufacturing,Male,
Bachelor's Degree,1346,3940000,260000,Retail,Female,
Master's Degree,1348,3952000,261000,Financial Sector,Female,
Bachelor's Degree,784,18150000,1200000,Manufacturing,Male,
Bachelor's Degree,1350,3960000,262000,Manufacturing,Female,
High School,1419,8960700,593300,Education,Male,
Associate's Degree,503,90950,6050,Healthcare,Female,
College,1418,8940500,595700,Financial Services,Female,
Bachelor's Degree,526,84375,5625,Energy,Male,
Bachelor's Degree,467,84375,5625,Finance,Female,
Bachelor's Degree,1492,90000,6000,Technology,Female,
Bachelor's Degree,369,84375,5625,Finance,Female,
Bachelor's Degree,1417,8919700,598100,Healthcare,Male,
Bachelor's Degree,287,76840,5160,Manufacturing,Female,
High School Diploma,379,76840,5160,Manufacturing,Female,
Bachelor's Degree,282,76840,5160,Retail,Male,
High School Diploma,353,76840,5160,Energy,Female,
High School Diploma,273,9258000,622000,Retail,Female,
Bachelor's Degree,342,9258000,622000,Manufacturing,Male,
Bachelor's Degree,1363,5149417,346298,Finance and Insurance,Male,
High School Diploma,367,323250,21750,Energy,Female,
High School,1416,8900500,599500,Retail,Female,
Master's Degree,1493,89000,6000,Finance,Male,
Bachelor's Degree,857,6555000,443000,Hospitality,Female,
Master's Degree,809,6555000,443000,Finance,Female,
Master's Degree,794,6555000,443000,Professional and Business S.,Male,
High School,1341,6555000,443000,Retail,Male,
High School,837,6555000,443000,Manufacturing,Female,
Master's Degree,646,6555000,443000,Energy,Male,
Associate's Degree,828,6555000,443000,Hospitality,Male,
Master's Degree,1364,5161526,348997,Manufacturing,Female,
College,1415,8880000,601700,Construction,Male,
Master's Degree,1414,8860200,603900,Education,Female,
High School,1361,5128562,349587,Construction,Male,
High School,1494,88000,6000,Retail,Female,
Bachelor's Degree,1272,17080400,1166000,Education,Male,
College,1248,17665500,1206100,Manufacturing,Male,
College,1362,5135402,350770,Retail Trade,Female,
Master's Degree,248,14460000,990000,Healthcare,Male,
Master's Degree,855,6524000,447000,Energy,Female,
High School Diploma,807,6524000,447000,Hospitality,Female,
College,792,6524000,447000,"Trade, Transportation, Util.",Male,
Bachelor's Degree,644,6524000,447000,Finance,Male,
College,1339,6524000,447000,Education,Male,
Master's Degree,826,6524000,447000,Hospitality,Male,
Bachelor's Degree,835,6524000,447000,Hospitality,Female,
Bachelor's Degree,1413,8840400,605900,Financial Services,Male,
High School,1244,17630700,1209200,Manufacturing,Male,
High School,1359,8674000,595000,Retail,Male,
Bachelor's Degree,1324,2910000,200000,Construction,Female,
Master's Degree,260,14615000,1005000,Healthcare,Male,
Master's Degree,854,3878000,267000,Professional and Business S.,Male,
High School Diploma,806,3878000,267000,Finance,Male,
High School Diploma,791,3878000,267000,Hospitality,Female,
High School,825,3878000,267000,Finance,Female,
Bachelor's Degree,834,3878000,267000,Hospitality,Male,
Associate's Degree,643,3878000,267000,Energy,Female,
Bachelor's Degree,1338,3878000,267000,Information,Female,
Bachelor's Degree,1189,11848900,815900,Retail,Female,
College,1412,8821400,607600,Healthcare,Female,
Associate's Degree,1240,17596500,1212900,Technology,Male,
Bachelor's Degree,1495,87000,6000,Healthcare,Male,
College,1323,2900000,200000,Financial Services,Male,
Bachelor's Degree,315,79500,5500,Energy,Male,
High School Diploma,357,79500,5500,Finance,Female,
High School,1322,2890000,200000,Healthcare,Female,
High School,1411,8802600,609400,Retail,Male,
Bachelor's Degree,1410,8785300,608800,Information,Female,
Graduate,1512,384023,26615,Manufacturing,Female,
Bachelor's Degree,1236,17563200,1218800,Technology,Male,
Bachelor's Degree,1321,2880000,200000,Education,Male,
Master's Degree,1010,112200,7800,Hospitality,Male,
Master's Degree,1151,112200,7800,Energy,Female,
Bachelor's Degree,959,112200,7800,Energy,Female,
Master's Degree,1191,112200,7800,Manufacturing,Female,
High School Diploma,373,112200,7800,Retail,Female,
High School Diploma,135,112200,7800,Retail,Female,
Master's Degree,1283,112200,7800,Manufacturing,Female,
Master's Degree,1039,112200,7800,Agriculture,Female,
Associate's Degree,703,112200,7800,Technology,Female,
Master's Degree,603,112200,7800,Finance,Female,
Associate's Degree,779,112200,7800,Energy,Female,
Master's Degree,539,112200,7800,"Trade, Transportation, Util.",Female,
High School Diploma,1254,112200,7800,Education,Male,
College,1320,2870000,200000,Retail,Female,
Master's Degree,1496,86000,6000,Manufacturing,Female,
High School,1337,6489000,453000,Manufacturing,Male,
Bachelor's Degree,1357,8661000,605000,Financial Services,Male,
High School,1319,2860000,200000,Manufacturing,Male,
College,1232,17531300,1226100,Technology,Male,
Bachelor's Degree,1318,2850000,200000,Construction,Female,
Associate's Degree,1228,17493200,1231900,Technology,Male,
College,1317,2840000,200000,Financial Services,Male,
Bachelor's Degree,1360,4165000,294000,Healthcare,Female,
High School,1497,85000,6000,Technology,Male,
College,1409,8757500,618300,Manufacturing,Male,
High School,1316,2830000,200000,Healthcare,Female,
Bachelor's Degree,345,72840,5160,Finance,Female,
Master's Degree,1224,17450500,1237500,Energy,Male,
Bachelor's Degree,1315,2820000,200000,Education,Male,
High School Diploma,1314,2810000,200000,Retail,Female,
College,1513,386013,27496,Manufacturing,Male,
High School,1355,8645000,616000,Healthcare,Male,
Bachelor's Degree,1498,84000,6000,Finance,Female,
Bachelor's Degree,1313,2800000,200000,Manufacturing,Male,
Bachelor's Degree,245,6472000,463000,Retail,Male,
Associate's Degree,1220,17394000,1247600,Manufacturing,Male,
College,1515,393278,28217,Manufacturing,Male,
Bachelor's Degree,1245,12609100,906200,Technology,Female,
Bachelor's Degree,276,8255000,595000,Wholesale Trade,Male,
High School,1185,11778600,850500,Retail,Female,
Master's Degree,1499,83000,6000,Retail,Male,
Bachelor's Degree,1481,3752513,271584,Manufacturing,Male,
High School,1482,3752561,271675,Healthcare,Female,
Master's Degree,1483,3751125,271975,Education,Male,
Bachelor's Degree,233,6420000,466000,Retail,Male,
Bachelor's Degree,218,6420000,466000,Education,Female,
College,1484,3748776,272147,Finance,Female,
High School,1216,17378000,1262300,Manufacturing,Male,
College,1358,4156000,302000,Manufacturing,Female,
Bachelor's Degree,1241,12563600,913200,Retail,Female,
Master's Degree,1195,11682000,849900,Education,Female,
Master's Degree,1299,11682000,849900,Agriculture,Female,
Master's Degree,1211,11682000,849900,Retail,Female,
Bachelor's Degree,1169,11682000,849900,Technology,Female,
Master's Degree,1171,11682000,849900,Education,Female,
Master's Degree,1173,11705900,852200,Retail,Female,
College,1487,3744822,272753,Manufacturing,Male,
Bachelor's Degree,1177,11716900,853700,Education,Female,
Bachelor's Degree,1485,3745253,272987,Technology,Male,
High School,1486,3744076,272945,Retail,Female,
High School Diploma,1181,11734900,858400,Manufacturing,Female,
Associate's Degree,215,8673000,636000,Retail,Female,
Bachelor's Degree,244,8673000,636000,Healthcare,Female,
College,1480,3748662,274917,Retail,Female,
College,1514,390099,28622,Manufacturing,Female,
High School Diploma,1237,12516200,922100,Retail,Female,
College,1176,15032200,1110600,Hospitality,Male,
High School,1172,15024600,1112100,Retail,Male,
College,1353,8610000,638000,Manufacturing,Male,
College,1168,15006700,1112500,Manufacturing,Male,
Bachelor's Degree,1184,15051600,1116400,Healthcare,Male,
Master's Degree,284,606000,45000,Healthcare,Male,
Master's Degree,1479,3745658,278185,Technology,Male,
Associate's Degree,1188,15068000,1119900,Technology,Male,
Bachelor's Degree,728,209400,15600,Technology,Male,
College,1356,4147000,309000,Information Services,Female,
High School,1478,3740556,278840,Healthcare,Female,
Bachelor's Degree,1107,3244100,242800,Manufacturing,Female,
Master's Degree,1275,3244100,242800,Professional and Business S.,Female,
Master's Degree,1311,3244100,242800,Professional and Business S.,Female,
Master's Degree,1336,3244100,242800,Healthcare,Female,
Master's Degree,1163,3244100,242800,Education,Female,
Master's Degree,1233,12469200,934100,Retail,Female,
High School Diploma,288,440000,33000,Education,Male,
College,1516,394256,29570,Manufacturing,Female,
Graduate,1517,396621,29751,Manufacturing,Male,
High School Diploma,1106,3241600,243200,Education,Male,
High School Diploma,1274,3241600,243200,Manufacturing,Male,
High School Diploma,1310,3241600,243200,Technology,Male,
High School Diploma,1162,3241600,243200,Agriculture,Male,
College,1335,3241600,243200,Education,Male,
Bachelor's Degree,1334,3240200,243100,Retail,Female,
Bachelor's Degree,1354,4142000,311000,Retail,Female,
College,1476,3738191,281207,Finance,Female,
Bachelor's Degree,624,148800,11200,Energy,Male,
Bachelor's Degree,361,106950,8050,Retail,Female,
Bachelor's Degree,123,106950,8050,Retail,Female,
Master's Degree,310,148800,11200,Healthcare,Male,
Associate's Degree,253,5115000,385000,Education,Female,
College,1145,11588200,872700,Hospitality,Female,
High School,1333,3237700,243900,Technology,Male,
Associate's Degree,628,169240,12760,Hospitality,Male,
Bachelor's Degree,1477,3735572,281699,Education,Male,
High School Diploma,243,8626000,651000,Wholesale Trade,Male,
Associate's Degree,232,8626000,651000,Education,Female,
Master's Degree,1332,3235200,244700,Financial Services,Female,
College,1331,3233800,245000,Healthcare,Male,
Bachelor's Degree,724,213800,16200,Healthcare,Male,
Bachelor's Degree,1330,3232900,245200,Education,Female,
High School,1329,3231600,245200,Retail,Male,
High School Diploma,305,369000,28000,Retail,Female,
High School Diploma,1210,11534800,876100,Technology,Male,
High School Diploma,1298,11534800,876100,Retail,Male,
Bachelor's Degree,1157,11534800,876100,Health Care,Female,
High School Diploma,1170,11534800,876100,Retail,Male,
Associate's Degree,221,6332000,481000,Retail,Male,
Bachelor's Degree,1235,3230100,245500,Manufacturing,Female,
Master's Degree,1328,3230100,245500,Technology,Female,
High School Diploma,1130,3230100,245500,Technology,Male,
Master's Degree,1271,3230100,245500,Agriculture,Female,
Bachelor's Degree,1158,3230100,245500,Professional and Business S.,Male,
College,1327,3228100,245600,Healthcare,Male,
Associate's Degree,620,131960,10040,Hospitality,Male,
Bachelor's Degree,1489,92000,7000,Retail,Male,
Bachelor's Degree,1229,12419000,945700,Retail,Female,
Bachelor's Degree,1326,3225400,245900,Financial Services,Female,
High School,1398,3111020,237180,Retail,Female,
Bachelor's Degree,716,204400,15600,Energy,Male,
Bachelor's Degree,1399,3114160,237740,Education,Male,
College,1397,3108210,237390,Manufacturing,Male,
High School Diploma,261,9169500,700500,Retail,Female,
Master's Degree,262,9169500,700500,Healthcare,Male,
Master's Degree,250,9169500,700500,Healthcare,Male,
High School,1161,11566700,883800,Construction,Female,
High School,1325,3222600,246300,Education,Male,
Bachelor's Degree,1165,11594100,886800,Technology,Female,
Master's Degree,1400,3117250,238550,Healthcare,Female,
Bachelor's Degree,720,209000,16000,Hospitality,Male,
College,1141,11528100,882800,Retail,Female,
High School,1149,11611300,889200,Financial Services,Female,
Master's Degree,360,120750,9250,Manufacturing,Male,
Master's Degree,122,120750,9250,Manufacturing,Male,
High School Diploma,269,5944000,456000,Agriculture,Female,
High School Diploma,312,5944000,456000,Wholesale Trade,Female,
Associate's Degree,267,5944000,456000,Education,Female,
College,1052,378000,29000,Hospitality,Male,
Associate's Degree,955,378000,29000,Professional and Business S.,Female,
Master's Degree,759,378000,29000,Manufacturing,Female,
High School,848,378000,29000,Hospitality,Male,
Associate's Degree,563,378000,29000,"Trade, Transportation, Util.",Female,
Associate's Degree,591,378000,29000,Finance,Female,
Master's Degree,1307,378000,29000,Agriculture,Female,
Bachelor's Degree,1112,378000,29000,Manufacturing,Male,
High School Diploma,39,378000,29000,Retail,Female,
High School Diploma,293,378000,29000,Retail,Female,
College,1401,3120240,239460,Financial Services,Male,
Graduate,1521,406936,31256,Manufacturing,Male,
Master's Degree,1490,91000,7000,Healthcare,Female,
College,1520,404209,31120,Manufacturing,Female,
High School,1402,3122690,240510,Manufacturing,Female,
Bachelor's Degree,237,6923000,534000,Healthcare,Male,
Bachelor's Degree,1403,3125060,241440,Retail,Male,
Master's Degree,296,568000,44000,Healthcare,Male,
Associate's Degree,712,208800,16200,Manufacturing,Male,
Master's Degree,1404,3127310,242690,Education,Female,
College,1518,399066,30971,Manufacturing,Female,
Master's Degree,308,541000,42000,Healthcare,Male,
High School Diploma,281,425000,33000,Finance,Female,
College,1519,401688,31195,Manufacturing,Male,
Bachelor's Degree,225,6833000,531000,Energy,Male,
Bachelor's Degree,210,6833000,531000,Wholesale Trade,Male,
Associate's Degree,265,5196000,404000,Education,Female,
High School Diploma,236,9021000,702000,Manufacturing,Female,
High School Diploma,238,9021000,702000,Manufacturing,Female,
High School Diploma,219,9021000,702000,Healthcare,Male,
Associate's Degree,255,9021000,702000,Education,Female,
Bachelor's Degree,297,334000,26000,Manufacturing,Female,
College,1225,12364600,962700,Construction,Female,
College,1405,3129840,243860,Healthcare,Male,
High School Diploma,616,180900,14100,Agriculture,Male,
Associate's Degree,240,8558000,668000,Energy,Female,
Master's Degree,220,8558000,668000,Manufacturing,Female,
Bachelor's Degree,629,89040,6960,Energy,Female,
High School,1406,3132460,244940,Financial Services,Female,
College,1164,14392500,1126400,Manufacturing,Male,
Bachelor's Degree,304,740000,58000,Agriculture,Male,
Bachelor's Degree,1407,3134840,246160,Manufacturing,Male,
High School,1144,14351200,1127700,Energy,Male,
Bachelor's Degree,1160,14350900,1128000,Financial Services,Male,
Associate's Degree,1156,14340700,1128200,Manufacturing,Male,
Bachelor's Degree,692,157600,12400,Energy,Male,
Master's Degree,1408,3137260,247240,Retail,Female,
Associate's Degree,301,279000,22000,Energy,Female,
High School,1140,14301100,1127800,Technology,Male,
College,1522,410034,32367,Manufacturing,Female,
Associate's Degree,234,9082500,717500,Education,Female,
High School Diploma,230,9082500,717500,Agriculture,Female,
Associate's Degree,995,9082500,717500,Energy,Female,
Associate's Degree,559,9082500,717500,Professional and Business S.,Female,
Master's Degree,699,9082500,717500,Manufacturing,Female,
High School Diploma,249,9082500,717500,Retail,Female,
Bachelor's Degree,1062,9082500,717500,Retail,Male,
Master's Degree,918,9082500,717500,Professional and Business S.,Male,
Bachelor's Degree,247,9082500,717500,Retail,Male,
Bachelor's Degree,285,354000,28000,Manufacturing,Female,
Bachelor's Degree,266,316000,25000,Finance,Male,
Bachelor's Degree,309,316000,25000,Manufacturing,Female,
Bachelor's Degree,264,8154000,646000,Finance,Male,
High School Diploma,263,8154000,646000,Retail,Female,
High School Diploma,251,8154000,646000,Retail,Female,
Bachelor's Degree,1221,12311100,976900,Technology,Female,
High School Diploma,578,63000,5000,Energy,Male,
Master's Degree,670,63000,5000,Professional and Business S.,Male,
Associate's Degree,17,63000,5000,Retail,Female,
Associate's Degree,899,63000,5000,Energy,Female,
Associate's Degree,991,63000,5000,Energy,Female,
Associate's Degree,731,63000,5000,Retail,Female,
High School Diploma,1074,63000,5000,Agriculture,Male,
Master's Degree,1203,14376400,1142500,Education,Female,
Bachelor's Degree,1148,14376400,1142500,Retail,Male,
High School Diploma,1290,14376400,1142500,Agriculture,Male,
Master's Degree,1243,14376400,1142500,Retail,Female,
Master's Degree,1239,14376400,1142500,Manufacturing,Female,
Bachelor's Degree,1186,14376400,1142500,Education,Male,
Master's Degree,1279,14376400,1142500,Manufacturing,Female,
High School Diploma,1258,14376400,1142500,Education,Male,
High School Diploma,1218,14376400,1142500,Retail,Male,
Associate's Degree,963,75960,6040,Energy,Female,
Bachelor's Degree,675,75960,6040,Professional and Business S.,Female,
Master's Degree,625,75960,6040,Healthcare,Female,
Master's Degree,627,75960,6040,Energy,Female,
Associate's Degree,863,75960,6040,Professional and Business S.,Female,
Master's Degree,1095,75960,6040,Agriculture,Female,
Master's Degree,1183,75960,6040,Retail,Female,
Master's Degree,1135,75960,6040,Manufacturing,Female,
Bachelor's Degree,751,75960,6040,Hospitality,Female,
Bachelor's Degree,1035,75960,6040,Agriculture,Female,
Master's Degree,843,75960,6040,Energy,Female,
Master's Degree,1223,75960,6040,Professional and Business S.,Female,
Bachelor's Degree,695,75960,6040,Hospitality,Female,
Bachelor's Degree,311,75960,6040,Manufacturing,Female,
High School Diploma,639,75960,6040,Energy,Female,
Associate's Degree,875,75960,6040,Retail,Female,
Master's Degree,635,75960,6040,Hospitality,Female,
Master's Degree,1207,75960,6040,Energy,Female,
Master's Degree,823,75960,6040,Energy,Female,
Master's Degree,775,75960,6040,Retail,Female,
High School Diploma,631,75960,6040,Energy,Female,
Bachelor's Degree,787,75960,6040,Energy,Female,
Bachelor's Degree,277,9318000,742000,Manufacturing,Male,
Bachelor's Degree,268,9318000,742000,Manufacturing,Male,
Bachelor's Degree,258,9318000,742000,Manufacturing,Male,
Graduate,1523,413619,32947,Manufacturing,Male,
High School Diploma,224,8929000,713000,Finance,Female,
Master's Degree,632,125900,10100,Energy,Male,
Associate's Degree,32,14181000,1140000,Energy,Female,
Master's Degree,714,14181000,1140000,Retail,Male,
Master's Degree,1091,14181000,1140000,Retail,Female,
Master's Degree,938,14181000,1140000,Hospitality,Male,
Associate's Degree,551,14181000,1140000,Finance,Female,
Associate's Degree,687,14181000,1140000,Technology,Female,
Master's Degree,1067,14181000,1140000,Education,Female,
Associate's Degree,1019,14181000,1140000,finance,Female,
Master's Degree,546,14181000,1140000,Finance,Male,
Bachelor's Degree,617,89780,7220,Healthcare,Female,
Bachelor's Degree,621,80520,6480,Energy,Female,
Master's Degree,1147,12282200,988700,Technology,Female,
Bachelor's Degree,1086,12282200,988700,Technology,Male,
Bachelor's Degree,1131,12282200,988700,Retail,Female,
Master's Degree,1219,12282200,988700,Education,Female,
High School Diploma,1078,12282200,988700,Agriculture,Male,
Master's Degree,1167,12282200,988700,Education,Female,
High School Diploma,1114,12282200,988700,Professional and Business S.,Male,
Bachelor's Degree,1217,12282200,988700,Technology,Female,
High School Diploma,339,421000,34000,Healthcare,Female,
High School Diploma,300,421000,34000,Education,Male,
Bachelor's Degree,256,9266000,749000,Manufacturing,Male,
Associate's Degree,242,8047500,652500,Energy,Female,
Bachelor's Degree,235,8047500,652500,Retail,Male,
Associate's Degree,996,8047500,652500,Hospitality,Male,
Bachelor's Degree,231,8047500,652500,Healthcare,Male,
High School Diploma,560,8047500,652500,Finance,Male,
Associate's Degree,700,8047500,652500,Finance,Male,
Master's Degree,94,115625,9375,Manufacturing,Male,
Master's Degree,348,115625,9375,Manufacturing,Male,
Bachelor's Degree,252,8047500,652500,Finance,Male,
Bachelor's Degree,254,8047500,652500,Finance,Male,
Bachelor's Degree,1063,8047500,652500,Education,Female,
Associate's Degree,919,8047500,652500,Energy,Female,
Associate's Degree,676,148000,12000,Energy,Male,
Bachelor's Degree,294,115625,9375,Agriculture,Male,
High School Diploma,33,10546000,858000,Education,Male,
Master's Degree,816,10546000,858000,Energy,Male,
High School Diploma,241,10546000,858000,Education,Male,
Associate's Degree,715,10546000,858000,Professional and Business S.,Female,
Associate's Degree,1092,10546000,858000,Energy,Male,
Associate's Degree,939,10546000,858000,Professional and Business S.,Female,
High School Diploma,552,10546000,858000,Hospitality,Male,
Master's Degree,214,10546000,858000,Finance,Male,
Associate's Degree,1068,10546000,858000,Manufacturing,Male,
Associate's Degree,1020,10546000,858000,Agriculture,Male,
Bachelor's Degree,688,10546000,858000,Finance,Male,
Associate's Degree,547,10546000,858000,Hospitality,Female,
Bachelor's Degree,71,10531000,858000,Healthcare,Male,
Bachelor's Degree,229,10531000,858000,Healthcare,Male,
High School Diploma,207,10531000,858000,Healthcare,Female,
Bachelor's Degree,246,10531000,858000,Healthcare,Female,
Bachelor's Degree,1137,11421400,931100,Retail,Female,
High School Diploma,23,10516000,858000,Healthcare,Male,
High School Diploma,107,10516000,858000,Healthcare,Male,
High School Diploma,217,10516000,858000,Healthcare,Male,
Bachelor's Degree,280,806000,66000,Retail,Male,
High School Diploma,259,806000,66000,Agriculture,Female,
Associate's Degree,289,292000,24000,Energy,Female,
High School Diploma,70,14138000,1163000,Agriculture,Female,
High School Diploma,228,14138000,1163000,Agriculture,Female,
Bachelor's Degree,206,14138000,1163000,Education,Male,
High School Diploma,211,14138000,1163000,Healthcare,Female,
High School Diploma,1133,11371400,939100,Healthcare,Female,
High School Diploma,257,5908000,492000,Agriculture,Female,
Associate's Degree,680,120000,10000,Hospitality,Male,
College,1120,14064200,1174700,Energy,Male,
Master's Degree,1051,754000,63000,Energy,Female,
Master's Degree,954,754000,63000,Hospitality,Male,
Master's Degree,758,754000,63000,Education,Male,
Associate's Degree,562,754000,63000,Professional and Business S.,Male,
Associate's Degree,847,754000,63000,Energy,Female,
Bachelor's Degree,590,754000,63000,Energy,Male,
High School Diploma,1306,754000,63000,Technology,Male,
Master's Degree,1111,754000,63000,Agriculture,Female,
Bachelor's Degree,38,754000,63000,Agriculture,Male,
Bachelor's Degree,292,754000,63000,Agriculture,Male,
Bachelor's Degree,696,129200,10800,Hospitality,Male,
High School Diploma,527,83000,7000,Finance,Female,
Bachelor's Degree,495,83000,7000,Education,Female,
College,1136,14269200,1209000,Technology,Male,
High School Diploma,95,101400,8600,Retail,Female,
High School Diploma,349,101400,8600,Retail,Female,
Associate's Degree,633,81120,6880,Manufacturing,Female,
High School Diploma,295,101400,8600,Retail,Female,
Bachelor's Degree,1132,14207800,1210200,Manufacturing,Male,
Bachelor's Degree,1125,11236900,958300,Technology,Female,
Bachelor's Degree,22,14079000,1203000,Education,Female,
Bachelor's Degree,106,14079000,1203000,Education,Female,
Bachelor's Degree,216,14079000,1203000,Education,Female,
Bachelor's Degree,1121,11209100,960600,Hospitality,Female,
High School Diploma,1301,11784700,1024200,Retail,Female,
Master's Degree,771,101200,8800,Hospitality,Female,
Bachelor's Degree,674,82800,7200,Education,Male,
High School Diploma,626,82800,7200,Hospitality,Male,
Bachelor's Degree,958,101200,8800,Professional and Business S.,Male,
Master's Degree,862,82800,7200,Finance,Male,
Associate's Degree,719,101200,8800,Hospitality,Female,
High School Diploma,669,101200,8800,Healthcare,Female,
Associate's Degree,671,82800,7200,Finance,Female,
Master's Degree,622,101200,8800,Finance,Male,
Master's Degree,380,115000,10000,Healthcare,Male,
Bachelor's Degree,713,179400,15600,Technology,Female,
High School Diploma,666,82800,7200,Finance,Male,
High School Diploma,1094,82800,7200,Agriculture,Male,
Associate's Degree,708,202400,17600,Manufacturing,Male,
Bachelor's Degree,612,138000,12000,Finance,Male,
High School Diploma,613,78200,6800,Hospitality,Female,
High School Diploma,609,82800,7200,Education,Female,
High School Diploma,1182,82800,7200,Technology,Male,
High School Diploma,1134,82800,7200,Education,Male,
Master's Degree,799,82800,7200,Hospitality,Female,
High School Diploma,750,82800,7200,Finance,Male,
Associate's Degree,607,101200,8800,Finance,Female,
Bachelor's Degree,1034,82800,7200,Agriculture,Male,
College,985,101200,8800,Construction,Female,
Master's Degree,842,82800,7200,Professional and Business S.,Male,
High School Diploma,746,101200,8800,Education,Male,
High School Diploma,698,101200,8800,Education,Male,
Master's Degree,651,82800,7200,Energy,Female,
High School Diploma,171,69000,6000,Wholesale Trade,Female,
High School Diploma,1222,82800,7200,Retail,Male,
Master's Degree,934,82800,7200,Finance,Male,
Associate's Degree,743,82800,7200,Manufacturing,Female,
Master's Degree,694,82800,7200,Finance,Male,
Bachelor's Degree,684,202400,17600,Hospitality,Male,
Master's Degree,638,82800,7200,Energy,Male,
Bachelor's Degree,158,202400,17600,Manufacturing,Male,
Master's Degree,1018,101200,8800,Professional and Business S.,Male,
Master's Degree,970,82800,7200,Professional and Business S.,Male,
Master's Degree,874,82800,7200,Technology,Male,
Master's Degree,634,82800,7200,Energy,Male,
High School Diploma,1206,82800,7200,Retail,Male,
High School Diploma,822,82800,7200,Professional and Business S.,Male,
High School Diploma,774,82800,7200,Technology,Male,
Master's Degree,630,82800,7200,Finance,Male,
Master's Degree,1027,82800,7200,Manufacturing,Female,
Bachelor's Degree,786,82800,7200,Professional and Business S.,Male,
Associate's Degree,1128,14102700,1226500,Education,Male,
Bachelor's Degree,608,126900,11100,Hospitality,Male,
Master's Degree,430,91000,8000,Finance,Male,
Associate's Degree,446,91000,8000,Education,Male,
Bachelor's Degree,396,91000,8000,Education,Male,
Master's Degree,350,91000,8000,Manufacturing,Male,
Bachelor's Degree,993,11188300,984400,Finance,Female,
Associate's Degree,1124,14051600,1237500,Healthcare,Male,
High School Diploma,717,183800,16200,Finance,Female,
Bachelor's Degree,486,133250,11750,Education,Male,
Master's Degree,170,120500,10700,Education,Male,
Bachelor's Degree,162,120500,10700,Retail,Male,
Bachelor's Degree,1129,11242500,998900,Construction,Female,
Bachelor's Degree,701,174400,15600,Healthcare,Female,
High School,1305,11673000,1045400,Education,Female,
High School Diploma,1246,10230100,918700,Retail,Male,
High School Diploma,1238,10230100,918700,Education,Male,
High School Diploma,1282,10230100,918700,Education,Male,
College,1395,3350900,301100,Financial Services,Male,
Bachelor's Degree,957,11392600,1023800,Information Tech,Female,
Bachelor's Degree,1396,3355700,301800,Retail,Female,
College,953,11371300,1027400,Hospitality,Female,
High School,949,11331000,1024200,Retail,Female,
High School Diploma,729,178800,16200,Retail,Female,
Master's Degree,1394,3341900,303000,Manufacturing,Female,
Bachelor's Degree,668,220000,20000,Hospitality,Male,
Master's Degree,4,110000,10000,Finance,Male,
Master's Degree,392,121000,11000,Healthcare,Male,
Master's Degree,154,121000,11000,Healthcare,Male,
High School,1393,3335300,303900,Technology,Male,
High School Diploma,1297,11815300,1078200,Technology,Female,
College,1392,3329600,305000,Healthcare,Female,
Master's Degree,1057,11288600,1037600,Education and Health,Female,
Bachelor's Degree,384,87000,8000,Education,Male,
High School,1289,12027800,1109000,Finance,Female,
Bachelor's Degree,937,11230300,1038800,Hospitality,Female,
Bachelor's Degree,1391,3321700,307900,Retail,Male,
Bachelor's Degree,941,11237900,1042300,Finance,Female,
High School Diploma,725,183000,17000,Education,Female,
Bachelor's Degree,1053,11260000,1053100,Transportation and Utilities,Female,
Bachelor's Degree,672,160000,15000,Hospitality,Male,
Associate's Degree,945,11300200,1059400,Retail,Female,
High School,1390,3312500,310800,Financial Services,Female,
High School Diploma,1309,11515700,1082000,Hospitality,Female,
College,1389,3306400,311000,Manufacturing,Male,
High School Diploma,721,178200,16800,Energy,Female,
High School,992,14085800,1330000,Hospitality,Male,
Master's Degree,1049,11234600,1061800,Education and Health,Female,
Bachelor's Degree,400,95000,9000,Healthcare,Male,
High School Diploma,1293,11884200,1126500,Technology,Female,
Master's Degree,1388,3298300,312900,Technology,Female,
Bachelor's Degree,402,68500,6500,Finance,Male,
High School,1387,3291500,313900,Healthcare,Male,
Bachelor's Degree,1045,11208600,1070500,Information,Female,
Associate's Degree,951,13973800,1335800,Retail,Female,
High School,984,13973800,1335800,Health Care,Male,
Associate's Degree,879,13973800,1335800,Manufacturing,Female,
Associate's Degree,923,13973800,1335800,Energy,Female,
High School Diploma,319,115000,11000,Retail,Female,
Master's Degree,404,115000,11000,Agriculture,Male,
Master's Degree,118,115000,11000,Agriculture,Male,
High School Diploma,1154,94000,9000,Agriculture,Male,
Master's Degree,962,94000,9000,Professional and Business S.,Male,
Associate's Degree,867,94000,9000,Hospitality,Female,
High School Diploma,770,94000,9000,Hospitality,Male,
Master's Degree,1102,94000,9000,Education,Male,
Associate's Degree,1007,94000,9000,Professional and Business S.,Female,
High School Diploma,1242,94000,9000,Technology,Male,
High School Diploma,1194,94000,9000,Retail,Male,
Master's Degree,1003,94000,9000,Professional and Business S.,Female,
Bachelor's Degree,376,94000,9000,Agriculture,Male,
High School Diploma,1286,94000,9000,Technology,Male,
High School Diploma,1042,94000,9000,Retail,Male,
Master's Degree,994,94000,9000,Professional and Business S.,Male,
High School Diploma,802,94000,9000,Agriculture,Male,
Associate's Degree,706,94000,9000,Retail,Male,
High School Diploma,1038,94000,9000,Agriculture,Male,
Master's Degree,990,94000,9000,Professional and Business S.,Male,
Master's Degree,943,94000,9000,Manufacturing,Female,
Master's Degree,606,94000,9000,Professional and Business S.,Male,
Master's Degree,1127,94000,9000,Agriculture,Female,
Master's Degree,886,94000,9000,Hospitality,Male,
Master's Degree,782,94000,9000,Hospitality,Male,
High School Diploma,542,94000,9000,Hospitality,Male,
Master's Degree,1257,94000,9000,Retail,Female,
High School Diploma,1066,94000,9000,Retail,Male,
College,1013,94000,9000,Retail,Female,
Bachelor's Degree,978,94000,9000,Professional and Business S.,Male,
Master's Degree,930,94000,9000,Professional and Business S.,Male,
Bachelor's Degree,1386,3282300,314500,Retail,Female,
College,933,11145700,1069600,Health Care,Female,
Master's Degree,322,76600,7400,Finance,Male,
Master's Degree,980,13941200,1351200,Retail,Male,
Bachelor's Degree,981,10963800,1068100,Education,Female,
Master's Degree,1251,11148800,1091100,Manufacturing,Female,
Master's Degree,1199,11148800,1091100,Education,Female,
Master's Degree,1099,11148800,1091100,Energy,Female,
Master's Degree,1287,11148800,1091100,Retail,Female,
College,1037,11148800,1091100,Professional and Business Services,Female,
Master's Degree,1227,11148800,1091100,Manufacturing,Female,
High School Diploma,1262,11148800,1091100,Education,Male,
Master's Degree,1215,11148800,1091100,Education,Female,
Master's Degree,1303,11148800,1091100,Technology,Female,
Master's Degree,1267,11148800,1091100,Professional and Business S.,Female,
Master's Degree,1123,11148800,1091100,Retail,Female,
College,1029,11106900,1088300,Retail,Female,
High School Diploma,1033,11114100,1096600,Retail,Female,
College,1385,3264900,322600,Financial Services,Male,
Bachelor's Degree,709,182000,18000,Technology,Female,
Associate's Degree,335,95500,9500,Education,Female,
High School Diploma,174,80000,8000,Agriculture,Male,
Associate's Degree,393,80000,8000,Retail,Female,
Associate's Degree,155,80000,8000,Retail,Female,
High School,1056,15984100,1615600,Construction,Male,
Bachelor's Degree,952,16012900,1619600,Energy,Male,
Associate's Degree,956,16033200,1634400,Energy,Male,
College,977,10958400,1117500,Hospitality,Female,
College,948,15980600,1633600,Technology,Male,
Associate's Degree,405,78000,8000,Retail,Female,
Associate's Degree,119,78000,8000,Retail,Female,
Bachelor's Degree,113,195000,20000,Healthcare,Female,
Associate's Degree,936,15921400,1635300,Energy,Male,
Associate's Degree,303,107000,11000,Energy,Female,
Bachelor's Degree,388,107000,11000,Finance,Male,
Bachelor's Degree,150,107000,11000,Finance,Male,
Bachelor's Degree,723,68000,7000,Finance,Female,
Master's Degree,1055,68000,7000,Retail,Female,
Associate's Degree,911,68000,7000,Hospitality,Female,
Associate's Degree,947,68000,7000,Manufacturing,Female,
Bachelor's Degree,175,68000,7000,Healthcare,Female,
Master's Degree,1175,68000,7000,Energy,Female,
High School Diploma,167,68000,7000,Finance,Female,
Associate's Degree,544,68000,7000,"Trade, Transportation, Util.",Male,
Bachelor's Degree,54,961000,99000,Manufacturing,Male,
Bachelor's Degree,116,961000,99000,Manufacturing,Male,
Associate's Degree,940,15921500,1640400,Energy,Male,
High School,1048,15914400,1646700,Professional and Business Services,Male,
High School Diploma,55,589000,61000,Education,Female,
High School Diploma,117,589000,61000,Education,Female,
Associate's Degree,944,15959200,1657300,Technology,Male,
Associate's Degree,381,77000,8000,Wholesale Trade,Female,
High School Diploma,1050,13418200,1394900,Professional and Business S.,Male,
Bachelor's Degree,903,13418200,1394900,Hospitality,Female,
High School Diploma,1138,13418200,1394900,Education,Male,
High School Diploma,1090,13418200,1394900,Technology,Male,
Associate's Degree,1031,13418200,1394900,Manufacturing,Female,
High School Diploma,1070,13418200,1394900,Retail,Male,
High School Diploma,1023,13418200,1394900,Hospitality,Female,
Associate's Degree,975,13418200,1394900,Energy,Female,
Bachelor's Degree,1104,13413800,1396300,Technology,Male,
Associate's Degree,976,13876000,1444800,Hospitality,Male,
Associate's Degree,323,161200,16800,Education,Female,
Associate's Degree,1116,13399500,1401800,Hospitality,Male,
Bachelor's Degree,1096,13402800,1403100,Manufacturing,Male,
Bachelor's Degree,1108,13395600,1402500,Technology,Male,
College,1044,15871900,1662300,Manufacturing,Male,
Bachelor's Degree,1100,13398600,1403600,Hospitality,Male,
College,885,10993700,1153800,Finance,Female,
Bachelor's Degree,318,57000,6000,Manufacturing,Male,
High School Diploma,401,57000,6000,Retail,Female,
High School Diploma,427,81420,8580,Retail,Female,
High School Diploma,459,81420,8580,Wholesale Trade,Female,
High School Diploma,411,81420,8580,Healthcare,Female,
Bachelor's Degree,905,11024500,1167400,Finance,Female,
Master's Degree,1058,1148000,122000,Agriculture,Male,
High School Diploma,814,1148000,122000,Agriculture,Male,
High School Diploma,1142,1148000,122000,Technology,Male,
Bachelor's Degree,66,1148000,122000,Manufacturing,Male,
Bachelor's Degree,128,1148000,122000,Manufacturing,Male,
Master's Degree,926,1148000,122000,Professional and Business S.,Male,
Bachelor's Degree,587,1148000,122000,Professional and Business S.,Female,
High School,932,15891000,1692700,Manufacturing,Male,
High School Diploma,1250,15804800,1687800,Retail,Male,
High School Diploma,1198,15804800,1687800,Retail,Male,
High School Diploma,1098,15804800,1687800,Professional and Business S.,Male,
Master's Degree,1036,15804800,1687800,Retail,Male,
High School Diploma,1226,15804800,1687800,Education,Male,
High School Diploma,1214,15804800,1687800,Agriculture,Male,
High School Diploma,1302,15804800,1687800,Agriculture,Male,
High School Diploma,1266,15804800,1687800,Agriculture,Male,
High School Diploma,1122,15804800,1687800,Technology,Male,
Bachelor's Degree,881,10912500,1166200,Retail,Female,
Master's Degree,476,135500,14500,Finance,Male,
Associate's Degree,431,56000,6000,Education,Female,
High School Diploma,377,56000,6000,Manufacturing,Female,
High School Diploma,447,56000,6000,Finance,Female,
High School Diploma,397,56000,6000,Energy,Female,
High School Diploma,351,56000,6000,Retail,Female,
High School Diploma,973,11250400,1213500,Financial Services,Female,
High School,901,11047400,1192800,Finance,Female,
Bachelor's Degree,1032,15759400,1703900,Technology,Male,
College,897,11042600,1196800,Health Care,Female,
Associate's Degree,11,275000,30000,Retail,Female,
Associate's Degree,121,275000,30000,Retail,Female,
College,969,11233100,1225900,Hospitality,Female,
Bachelor's Degree,63,293000,32000,Healthcare,Female,
Bachelor's Degree,125,293000,32000,Healthcare,Female,
Master's Degree,818,11224400,1227200,Finance,Male,
Associate's Degree,530,11224400,1227200,Hospitality,Male,
Master's Degree,710,11224400,1227200,Retail,Male,
High School Diploma,662,11224400,1227200,Agriculture,Male,
Bachelor's Degree,850,11224400,1227200,Professional and Business S.,Male,
College,845,11224400,1227200,Information Tech,Female,
Master's Degree,654,11224400,1227200,Agriculture,Male,
Master's Degree,598,11224400,1227200,Hospitality,Male,
Master's Degree,734,11224400,1227200,Retail,Male,
High School,965,11224400,1227200,Construction,Female,
High School Diploma,726,11224400,1227200,Education,Male,
Bachelor's Degree,582,11224400,1227200,Professional and Business S.,Male,
Bachelor's Degree,882,11224400,1227200,Professional and Business S.,Male,
Master's Degree,690,11224400,1227200,Retail,Male,
High School Diploma,389,64000,7000,Agriculture,Female,
High School Diploma,151,64000,7000,Agriculture,Female,
Bachelor's Degree,1028,15732900,1721000,Technology,Male,
High School Diploma,112,712000,78000,Retail,Male,
High School Diploma,483,739000,81000,Agriculture,Female,
Master's Degree,10,739000,81000,Finance,Male,
Master's Degree,120,739000,81000,Finance,Male,
Bachelor's Degree,477,85600,9400,Retail,Female,
Bachelor's Degree,479,85600,9400,Retail,Female,
Bachelor's Degree,473,85600,9400,Retail,Female,
High School Diploma,472,198200,21800,Healthcare,Female,
Associate's Degree,915,89900,9900,Retail,Female,
High School Diploma,1002,89900,9900,Hospitality,Male,
Master's Degree,763,89900,9900,Hospitality,Female,
High School Diploma,327,153100,16900,Healthcare,Female,
High School Diploma,62,788000,87000,Agriculture,Male,
High School Diploma,124,788000,87000,Agriculture,Male,
College,865,11122700,1230900,Finance,Female,
Bachelor's Degree,849,11006400,1219200,Hospitality,Female,
Bachelor's Degree,500,130520,14480,Agriculture,Male,
High School,889,10925200,1212400,Construction,Female,
Bachelor's Degree,80,180000,20000,Energy,Male,
High School Diploma,81,94500,10500,Healthcare,Female,
Bachelor's Degree,82,126000,14000,Manufacturing,Male,
High School Diploma,83,81000,9000,Retail,Female,
Bachelor's Degree,34,171000,19000,Energy,Male,
High School Diploma,35,90000,10000,Healthcare,Female,
College,1152,121500,13500,Hospitality,Male,
Bachelor's Degree,1153,81000,9000,Education,Female,
Associate's Degree,1059,675000,75000,Technology,Female,
Associate's Degree,1011,121500,13500,Technology,Female,
Associate's Degree,960,121500,13500,Hospitality,Male,
High School,961,81000,9000,Hospitality,Female,
High School Diploma,673,81000,9000,Education,Female,
Associate's Degree,576,126000,14000,Finance,Male,
Bachelor's Degree,577,81000,9000,Hospitality,Female,
Associate's Degree,480,112500,12500,Education,Male,
High School Diploma,481,72000,8000,Agriculture,Female,
Associate's Degree,482,81000,9000,Finance,Male,
Bachelor's Degree,432,144000,16000,Agriculture,Male,
High School Diploma,433,76500,8500,Healthcare,Female,
Bachelor's Degree,386,91800,10200,Education,Male,
High School Diploma,387,126900,14100,Energy,Female,
Bachelor's Degree,336,171000,19000,Energy,Male,
High School Diploma,337,90000,10000,Healthcare,Female,
High School Diploma,290,135000,15000,Education,Male,
Associate's Degree,291,85500,9500,Energy,Female,
High School Diploma,144,99000,11000,Wholesale Trade,Male,
Bachelor's Degree,145,72000,8000,Healthcare,Female,
Bachelor's Degree,146,126000,14000,Manufacturing,Male,
High School Diploma,147,81000,9000,Retail,Female,
Master's Degree,76,99000,11000,Finance,Male,
Associate's Degree,77,67500,7500,Education,Female,
Bachelor's Degree,79,85500,9500,Retail,Female,
Master's Degree,28,117000,13000,Retail,Male,
Associate's Degree,29,76500,8500,Hospitality,Female,
High School Diploma,815,675000,75000,Professional and Business S.,Female,
Associate's Degree,572,180000,20000,Hospitality,Male,
Bachelor's Degree,573,94500,10500,Energy,Female,
Master's Degree,428,103500,11500,Finance,Male,
Associate's Degree,429,67500,7500,Education,Female,
Master's Degree,332,103500,11500,Finance,Male,
Associate's Degree,333,67500,7500,Education,Female,
Bachelor's Degree,140,1296000,144000,Manufacturing,Male,
High School,141,810000,90000,Retail,Female,
Bachelor's Degree,142,180000,20000,Energy,Male,
High School Diploma,143,94500,10500,Healthcare,Female,
Bachelor's Degree,72,117000,13000,Manufacturing,Male,
High School Diploma,73,76500,8500,Healthcare,Female,
High School Diploma,74,882000,98000,Agriculture,Male,
Bachelor's Degree,75,373500,41500,Healthcare,Female,
Bachelor's Degree,24,108000,12000,Tech,Male,
High School Diploma,25,90000,10000,Education,Female,
High School Diploma,26,882000,98000,Agriculture,Male,
Bachelor's Degree,27,373500,41500,Healthcare,Female,
Associate's Degree,1192,121500,13500,Technology,Male,
Bachelor's Degree,1193,81000,9000,Retail,Female,
Master's Degree,906,207000,23000,Professional and Business S.,Male,
Associate's Degree,907,108000,12000,Energy,Female,
Associate's Degree,760,131400,14600,Technology,Male,
Bachelor's Degree,761,188550,20950,Retail,Female,
Associate's Degree,664,144000,16000,Energy,Male,
Bachelor's Degree,665,76500,8500,Finance,Female,
Bachelor's Degree,424,126000,14000,Manufacturing,Male,
High School Diploma,425,94500,10500,Retail,Female,
Bachelor's Degree,328,126000,14000,Manufacturing,Male,
High School Diploma,329,94500,10500,Retail,Female,
High School Diploma,136,882000,98000,Agriculture,Male,
Bachelor's Degree,137,373500,41500,Healthcare,Female,
Bachelor's Degree,138,126000,14000,Manufacturing,Male,
High School Diploma,139,94500,10500,Retail,Female,
Bachelor's Degree,68,144000,16000,Energy,Male,
High School Diploma,69,76500,8500,Retail,Female,
Bachelor's Degree,20,153000,17000,Finance,Male,
High School Diploma,21,72000,8000,Healthcare,Female,
High School,1284,121500,13500,Technology,Male,
Bachelor's Degree,1285,81000,9000,Retail,Female,
Master's Degree,1143,675000,75000,Retail,Female,
High School Diploma,1046,207000,23000,Technology,Male,
Master's Degree,1047,108000,12000,Retail,Female,
Master's Degree,756,108000,12000,Technology,Male,
Associate's Degree,757,186750,20750,Retail,Female,
Bachelor's Degree,660,126000,14000,Finance,Male,
High School Diploma,661,94500,10500,Hospitality,Female,
High School Diploma,614,207000,23000,Energy,Male,
High School Diploma,615,108000,12000,Finance,Female,
Associate's Degree,468,132300,14700,Finance,Male,
High School Diploma,469,79200,8800,Education,Female,
Bachelor's Degree,420,171000,19000,Energy,Male,
High School Diploma,421,90000,10000,Healthcare,Female,
Master's Degree,374,121500,13500,Manufacturing,Male,
High School Diploma,375,81000,9000,Retail,Female,
Bachelor's Degree,324,144000,16000,Agriculture,Male,
High School Diploma,325,76500,8500,Healthcare,Female,
Bachelor's Degree,180,144000,16000,Manufacturing,Male,
High School Diploma,181,76500,8500,Healthcare,Female,
Master's Degree,132,805500,89500,Finance,Male,
Associate's Degree,133,364500,40500,Education,Female,
Bachelor's Degree,64,103500,11500,Technology,Male,
Associate's Degree,65,63000,7000,Education,Female,
High School Diploma,67,675000,75000,Retail,Female,
Master's Degree,16,99000,11000,Manufacturing,Male,
High School Diploma,18,162000,18000,Retail,Male,
Bachelor's Degree,19,94500,10500,Manufacturing,Female,
Bachelor's Degree,1187,81000,9000,Manufacturing,Female,
Bachelor's Degree,1040,121500,13500,Transportation and Utilities,Male,
High School,1041,81000,9000,"Trade, Transportation, and Utilities",Female,
Bachelor's Degree,752,128700,14300,Hospitality,Male,
High School Diploma,753,185400,20600,Finance,Female,
Associate's Degree,755,207000,23000,Manufacturing,Female,
Bachelor's Degree,704,121500,13500,Manufacturing,Male,
High School Diploma,705,81000,9000,Retail,Female,
Bachelor's Degree,656,103500,11500,Finance,Male,
Associate's Degree,657,67500,7500,Education,Female,
High School Diploma,464,162000,18000,Retail,Male,
Bachelor's Degree,465,94500,10500,Manufacturing,Female,
Master's Degree,416,126000,14000,Finance,Male,
Associate's Degree,417,81000,9000,Education,Female,
Master's Degree,320,103500,11500,Finance,Male,
Associate's Degree,321,67500,7500,Education,Female,
Master's Degree,274,121500,13500,Healthcare,Male,
High School Diploma,275,85500,9500,Retail,Female,
Associate's Degree,176,103500,11500,Retail,Male,
High School Diploma,177,67500,7500,Finance,Female,
Associate's Degree,178,85500,9500,Retail,Male,
Bachelor's Degree,108,171000,19000,Energy,Male,
Bachelor's Degree,109,90000,10000,Healthcare,Female,
High School Diploma,110,121500,13500,Agriculture,Male,
Bachelor's Degree,111,85500,9500,Wholesale Trade,Female,
Bachelor's Degree,60,121500,13500,Manufacturing,Male,
High School Diploma,61,81000,9000,Healthcare,Female,
Bachelor's Degree,12,117000,13000,Hospitality,Male,
High School Diploma,13,85500,9500,Agriculture,Female,
High School Diploma,14,121500,13500,Agriculture,Male,
Bachelor's Degree,15,85500,9500,Healthcare,Female,
Bachelor's Degree,1180,108000,12000,Financial Services,Male,
Associate's Degree,988,121500,13500,Hospitality,Male,
Master's Degree,989,81000,9000,Manufacturing,Female,
Bachelor's Degree,748,126900,14100,Energy,Male,
Bachelor's Degree,749,182700,20300,Finance,Female,
Bachelor's Degree,652,144000,16000,Manufacturing,Male,
High School Diploma,653,76500,8500,Retail,Female,
Master's Degree,604,121500,13500,Manufacturing,Male,
Associate's Degree,605,81000,9000,Healthcare,Female,
Master's Degree,460,144900,16100,Healthcare,Male,
Bachelor's Degree,461,78300,8700,Agriculture,Female,
Bachelor's Degree,412,153000,17000,Manufacturing,Male,
High School Diploma,413,115200,12800,Retail,Female,
Bachelor's Degree,316,126000,14000,Manufacturing,Male,
High School Diploma,317,94500,10500,Retail,Female,
High School Diploma,172,121500,13500,Agriculture,Male,
Bachelor's Degree,173,85500,9500,Healthcare,Female,
Bachelor's Degree,126,126000,14000,Wholesale Trade,Male,
High School Diploma,127,94500,10500,Retail,Female,
Master's Degree,104,112500,12500,Finance,Male,
Associate's Degree,105,67500,7500,Education,Female,
Bachelor's Degree,56,162000,18000,Energy,Male,
High School Diploma,57,85500,9500,Retail,Female,
Bachelor's Degree,58,207000,23000,Agriculture,Male,
High School Diploma,59,108000,12000,Healthcare,Female,
Bachelor's Degree,8,162000,18000,Energy,Male,
High School Diploma,9,81000,9000,Education,Female,
Master's Degree,1179,207000,23000,Retail,Female,
Master's Degree,986,207000,23000,Professional and Business S.,Male,
Associate's Degree,987,108000,12000,Energy,Female,
Bachelor's Degree,744,125100,13900,Technology,Male,
High School Diploma,745,180900,20100,Retail,Female,
Bachelor's Degree,697,63000,7000,Retail,Female,
Bachelor's Degree,600,144000,16000,Finance,Male,
High School Diploma,601,76500,8500,Hospitality,Female,
Bachelor's Degree,504,108000,12000,Wholesale Trade,Male,
Associate's Degree,505,112500,12500,Education,Male,
Associate's Degree,456,130500,14500,Finance,Male,
High School Diploma,457,78300,8700,Education,Female,
Bachelor's Degree,408,207000,23000,Wholesale Trade,Male,
High School Diploma,409,108000,12000,Healthcare,Female,
Bachelor's Degree,313,162000,18000,Energy,Male,
Master's Degree,168,135000,15000,Education,Male,
High School Diploma,169,63000,7000,Energy,Female,
Bachelor's Degree,100,135000,15000,Manufacturing,Male,
Associate's Degree,102,108000,12000,Manufacturing,Male,
High School Diploma,103,76500,8500,Finance,Female,
Master's Degree,52,108000,12000,Finance,Male,
Associate's Degree,53,67500,7500,Education,Female,
Associate's Degree,5,72000,8000,Healthcare,Female,
Bachelor's Degree,6,162000,18000,Energy,Male,
High School Diploma,7,85500,9500,Retail,Female,
Bachelor's Degree,740,121500,13500,Hospitality,Male,
High School Diploma,741,177750,19750,Education,Female,
High School Diploma,693,76500,8500,Finance,Female,
Master's Degree,596,103500,11500,Energy,Male,
Associate's Degree,597,67500,7500,Education,Female,
Associate's Degree,501,81000,9000,Healthcare,Female,
High School Diploma,452,160200,17800,Manufacturing,Male,
Bachelor's Degree,453,92700,10300,Retail,Female,
Associate's Degree,164,108000,12000,Manufacturing,Male,
High School Diploma,165,76500,8500,Finance,Female,
Bachelor's Degree,92,153000,17000,Agriculture,Male,
High School Diploma,93,81000,9000,Healthcare,Female,
Bachelor's Degree,44,144000,16000,Agriculture,Male,
High School Diploma,45,76500,8500,Healthcare,Female,
Bachelor's Degree,46,171000,19000,Energy,Male,
High School Diploma,47,90000,10000,Healthcare,Female,
High School Diploma,1118,207000,23000,Finance,Male,
Master's Degree,1119,108000,12000,Professional and Business S.,Female,
Master's Degree,1071,207000,23000,Hospitality,Female,
Associate's Degree,927,675000,75000,Energy,Female,
Bachelor's Degree,780,121500,13500,Finance,Male,
High School Diploma,781,81000,9000,Finance,Female,
Bachelor's Degree,732,118800,13200,Hospitality,Male,
High School Diploma,733,167400,18600,Healthcare,Female,
High School Diploma,685,94500,10500,Retail,Female,
Associate's Degree,636,117000,13000,Energy,Male,
Bachelor's Degree,637,85500,9500,Healthcare,Female,
Bachelor's Degree,588,675000,75000,Finance,Male,
High School Diploma,589,90000,10000,Hospitality,Female,
Associate's Degree,540,121500,13500,Energy,Male,
Bachelor's Degree,541,81000,9000,Finance,Female,
High School Diploma,492,99000,11000,Education,Male,
Bachelor's Degree,493,63000,7000,Healthcare,Female,
Associate's Degree,444,126900,14100,Education,Male,
High School Diploma,445,81000,9000,Finance,Female,
High School Diploma,399,91800,10200,Energy,Female,
Bachelor's Degree,156,126000,14000,Wholesale Trade,Male,
High School Diploma,157,67500,7500,Healthcare,Female,
High School Diploma,159,94500,10500,Retail,Female,
Associate's Degree,89,72000,8000,Education,Female,
Master's Degree,40,103500,11500,Finance,Male,
Associate's Degree,41,67500,7500,Education,Female,
Bachelor's Degree,42,135000,15000,Manufacturing,Male,
High School Diploma,43,103500,11500,Retail,Female,
College,1256,81000,9000,Technology,Male,
Master's Degree,1115,81000,9000,Energy,Female,
Bachelor's Degree,1064,121500,13500,Manufacturing,Male,
College,1065,81000,9000,Technology,Female,
Bachelor's Degree,681,67500,7500,Healthcare,Female,
Bachelor's Degree,584,144000,16000,Hospitality,Male,
High School Diploma,585,76500,8500,Energy,Female,
Master's Degree,536,108000,12000,Energy,Male,
Master's Degree,488,121500,13500,Energy,Male,
Associate's Degree,489,81000,9000,Retail,Female,
High School Diploma,440,155700,17300,Healthcare,Male,
Bachelor's Degree,441,91800,10200,Wholesale Trade,Female,
Associate's Degree,152,94500,10500,Education,Male,
High School Diploma,153,63000,7000,Energy,Female,
Bachelor's Degree,84,130500,14500,Manufacturing,Male,
High School Diploma,85,99000,11000,Retail,Female,
Bachelor's Degree,36,126000,14000,Manufacturing,Male,
High School Diploma,37,94500,10500,Retail,Female,
Master's Degree,1255,121500,13500,Manufacturing,Female,
High School,1012,81000,9000,Retail,Male,
Bachelor's Degree,677,72000,8000,Finance,Female,
Bachelor's Degree,580,103500,11500,Finance,Male,
High School Diploma,581,67500,7500,Education,Female,
Associate's Degree,535,207000,23000,Hospitality,Female,
Bachelor's Degree,484,162000,18000,Manufacturing,Male,
High School Diploma,485,85500,9500,Healthcare,Female,
Bachelor's Degree,436,171000,19000,Manufacturing,Male,
High School Diploma,437,108000,12000,Retail,Female,
Bachelor's Degree,390,155700,17300,Finance,Male,
High School Diploma,391,91800,10200,Agriculture,Female,
Bachelor's Degree,340,126000,14000,Manufacturing,Male,
High School Diploma,341,94500,10500,Retail,Female,
High School Diploma,343,121500,13500,Retail,Female,
High School Diploma,148,112500,12500,Manufacturing,Male,
Master's Degree,149,85500,9500,Finance,Female,
Bachelor's Degree,96,117000,13000,Technology,Male,
High School Diploma,97,76500,8500,Retail,Female,
Bachelor's Degree,98,94500,10500,Retail,Male,
High School Diploma,99,67500,7500,Education,Female,
Bachelor's Degree,48,112500,12500,Technology,Male,
Bachelor's Degree,50,117000,13000,Retail,Male,
High School Diploma,51,81000,9000,Healthcare,Female,
Bachelor's Degree,0,90000,10000,Tech,Male,
High School Diploma,1,135000,15000,Retail,Female,
Associate's Degree,2,108000,12000,Manufacturing,Male,
High School Diploma,3,76500,8500,Finance,Female,
College,1072,108000,12000,Professional and Business S.,Male,
Master's Degree,928,121500,13500,Hospitality,Male,
High School,929,81000,9000,Hospitality,Female,
Bachelor's Degree,736,115650,12850,Energy,Male,
High School Diploma,737,174600,19400,Finance,Female,
High School Diploma,689,85500,9500,Education,Female,
Master's Degree,640,94500,10500,Retail,Male,
High School Diploma,641,67500,7500,Education,Female,
Bachelor's Degree,592,126000,14000,Hospitality,Male,
High School Diploma,593,81000,9000,Retail,Female,
Master's Degree,496,180000,20000,Manufacturing,Male,
High School Diploma,497,94500,10500,Construction,Female,
Master's Degree,448,143100,15900,Agriculture,Male,
Bachelor's Degree,449,75600,8400,Healthcare,Female,
High School Diploma,403,144000,16000,Healthcare,Female,
Bachelor's Degree,306,207000,23000,Agriculture,Male,
High School Diploma,307,108000,12000,Retail,Female,
Bachelor's Degree,160,117000,13000,Retail,Male,
High School Diploma,161,81000,9000,Healthcare,Female,
High School Diploma,163,81000,9000,Healthcare,Female,
Bachelor's Degree,114,117000,13000,Retail,Male,
High School Diploma,115,81000,9000,Healthcare,Female,
High School,873,11052600,1228900,Manufacturing,Female,
High School Diploma,909,11025900,1227400,Finance,Female,
High School Diploma,893,10966800,1224900,Finance,Female,
Master's Degree,853,11076600,1238100,Health Care,Female,
Master's Degree,1024,13139300,1469000,Professional and Business S.,Male,
Bachelor's Degree,1016,13102700,1477200,Education,Male,
High School Diploma,385,53000,6000,Energy,Female,
Bachelor's Degree,398,53000,6000,Finance,Male,
High School Diploma,302,53000,6000,Education,Male,
High School Diploma,499,126900,14400,Retail,Female,
Bachelor's Degree,1008,13063100,1484100,finance,Male,
Associate's Degree,1004,13042000,1487100,finance,Male,
Associate's Degree,1000,13021100,1488000,finance,Male,
Bachelor's Degree,821,9606300,1101800,Retail,Female,
High School,1025,11142500,1280400,finance,Female,
Bachelor's Degree,1021,11118500,1281500,Hospitality,Female,
High School,997,10980700,1265900,Hospitality,Female,
Master's Degree,1017,11094400,1282100,Health Care,Female,
Bachelor's Degree,817,9581500,1108800,Finance,Female,
Bachelor's Degree,1001,11001400,1273900,Agriculture,Female,
Doctorate,1005,11024400,1278100,Agriculture,Female,
Associate's Degree,1009,11046400,1281400,Agriculture,Female,
Associate's Degree,804,9589300,1119500,Energy,Male,
High School,1093,10906500,1283100,Hospitality,Female,
Bachelor's Degree,972,16255000,1935200,Manufacturing,Male,
Bachelor's Degree,363,191950,23050,Wholesale Trade,Female,
High School Diploma,1146,16220900,1953700,Agriculture,Male,
Associate's Degree,999,16220900,1953700,Professional and Business S.,Female,
Master's Degree,982,16220900,1953700,Agriculture,Male,
Bachelor's Degree,968,16220900,1953700,Hospitality,Male,
High School Diploma,1026,16220900,1953700,Education,Male,
College,1097,10931700,1325000,Health Care,Female,
College,964,16205200,1968200,Retail,Male,
Master's Degree,1436,432000,53000,Technology,Female,
High School Diploma,1101,10951600,1349800,Construction,Female,
Bachelor's Degree,1109,10966700,1353300,Retail,Female,
Associate's Degree,383,81000,10000,Retail,Female,
High School,1430,405000,50000,Finance,Female,
College,833,9516400,1178500,Finance,Female,
Master's Degree,1435,427000,53000,Technology,Male,
High School,1433,418000,52000,Healthcare,Male,
High School,1429,400000,50000,Finance,Male,
Bachelor's Degree,1060,12825200,1607700,Retail,Male,
Bachelor's Degree,1300,15905200,1996100,Manufacturing,Male,
High School,1434,422000,53000,Healthcare,Female,
High School Diploma,1105,10977300,1380100,Retail,Female,
Master's Degree,1113,10995300,1384300,Health Care,Female,
Associate's Degree,1088,12845400,1623400,Manufacturing,Male,
College,1084,12842900,1627000,Energy,Male,
Master's Degree,1080,12840600,1628500,Retail,Male,
Associate's Degree,1076,12838200,1629200,Education,Male,
Master's Degree,78,133100,16900,Finance,Male,
College,1304,15854900,2017000,Retail,Male,
Bachelor's Degree,1431,408000,52000,Education,Male,
Bachelor's Degree,1432,412000,53000,Education,Female,
Bachelor's Degree,1117,10987800,1416600,Construction,Female,
College,913,10936700,1417900,Finance,Female,
Master's Degree,1312,15687700,2040000,Energy,Male,
Master's Degree,917,10887300,1417100,Information,Female,
Bachelor's Degree,1308,15743400,2060000,Construction,Male,
High School,921,10837500,1427100,Hospitality,Female,
Bachelor's Degree,902,10512000,1386900,Hospitality,Male,
Master's Degree,1030,10512000,1386900,Education,Male,
High School,1069,10512000,1386900,Technology,Female,
High School Diploma,1022,10512000,1386900,Agriculture,Male,
Master's Degree,974,10512000,1386900,Professional and Business S.,Male,
Bachelor's Degree,1073,10535500,1395700,Manufacturing,Female,
Bachelor's Degree,1296,15902100,2108900,Manufacturing,Male,
High School,1089,10633300,1410200,Education,Female,
Associate's Degree,820,11961900,1586800,Hospitality,Male,
Bachelor's Degree,1085,10612300,1408100,Hospitality,Female,
Bachelor's Degree,1077,10561900,1401900,Health Care,Female,
High School Diploma,925,10796800,1433700,Health Care,Female,
High School,1081,10587600,1406500,Finance,Female,
High School Diploma,1061,10456700,1392200,Manufacturing,Female,
Bachelor's Degree,824,11937500,1602900,Finance,Male,
Master's Degree,819,15576000,2102400,Hospitality,Female,
Master's Degree,531,15576000,2102400,Professional and Business S.,Female,
Master's Degree,1247,15576000,2102400,Education,Female,
Associate's Degree,1103,15576000,2102400,Manufacturing,Female,
Master's Degree,1006,15576000,2102400,Hospitality,Male,
Master's Degree,950,15576000,2102400,Technology,Male,
Associate's Degree,711,15576000,2102400,Education,Female,
Master's Degree,663,15576000,2102400,Professional and Business S.,Female,
High School Diploma,566,15576000,2102400,Hospitality,Male,
Master's Degree,898,15576000,2102400,Professional and Business S.,Male,
Bachelor's Degree,851,15576000,2102400,Energy,Female,
High School Diploma,1230,15576000,2102400,Education,Male,
Master's Degree,846,15576000,2102400,Professional and Business S.,Male,
Associate's Degree,655,15576000,2102400,Energy,Female,
High School Diploma,1082,15576000,2102400,Agriculture,Male,
High School Diploma,1270,15576000,2102400,Retail,Male,
High School Diploma,1126,15576000,2102400,Agriculture,Male,
Associate's Degree,983,15576000,2102400,Agriculture,Female,
Associate's Degree,887,15576000,2102400,Hospitality,Female,
Master's Degree,742,15576000,2102400,Education,Male,
Associate's Degree,599,15576000,2102400,Energy,Female,
High School Diploma,1166,15576000,2102400,Retail,Male,
Master's Degree,878,15576000,2102400,Education,Male,
Associate's Degree,783,15576000,2102400,Hospitality,Female,
Associate's Degree,735,15576000,2102400,Professional and Business S.,Female,
Master's Degree,686,15576000,2102400,Manufacturing,Male,
Master's Degree,922,15576000,2102400,Professional and Business S.,Male,
High School Diploma,778,15576000,2102400,Professional and Business S.,Male,
Master's Degree,966,15576000,2102400,Professional and Business S.,Male,
Master's Degree,727,15576000,2102400,Manufacturing,Female,
Bachelor's Degree,583,15576000,2102400,Finance,Female,
Bachelor's Degree,883,15576000,2102400,Energy,Female,
Associate's Degree,691,15576000,2102400,Professional and Business S.,Female,
Master's Degree,642,15576000,2102400,Hospitality,Male,
Associate's Degree,844,11925100,1640500,Health Care,Male,
Bachelor's Degree,1087,3230100,445500,Retail,Female,
College,852,14873700,2091400,Construction,Male,
High School,868,14799100,2104800,Hospitality,Male,
College,904,15994200,2281900,Finance,Male,
Bachelor's Degree,1292,15832800,2268100,Manufacturing,Male,
Bachelor's Degree,900,16024600,2307600,Finance,Male,
Bachelor's Degree,908,15941800,2303800,Finance,Male,
Master's Degree,1155,74250,10750,Manufacturing,Female,
Master's Degree,1295,74250,10750,Education,Female,
Associate's Degree,623,74250,10750,Hospitality,Female,
Master's Degree,1291,74250,10750,Education,Female,
Master's Degree,567,74250,10750,Hospitality,Female,
Master's Degree,803,74250,10750,Professional and Business S.,Female,
Master's Degree,1231,74250,10750,Manufacturing,Female,
High School Diploma,942,74250,10750,Education,Male,
Master's Degree,894,74250,10750,Hospitality,Male,
Master's Degree,1083,74250,10750,Professional and Business S.,Female,
Master's Degree,553,74250,10750,Retail,Female,
Master's Degree,1263,74250,10750,Manufacturing,Female,
Associate's Degree,967,74250,10750,Energy,Female,
High School,896,16016000,2323800,Hospitality,Male,
Bachelor's Degree,800,16805000,2445000,Construction,Male,
High School Diploma,678,16805000,2445000,Finance,Male,
Master's Degree,738,16805000,2445000,Finance,Male,
Bachelor's Degree,864,14746900,2150000,Energy,Male,
College,872,14694100,2161200,Information Tech,Male,
Bachelor's Degree,892,15985300,2360300,Finance,Male,
College,920,14629500,2182600,Hospitality,Male,
College,880,15935100,2380200,Technology,Male,
High School,912,14723600,2199800,Manufacturing,Male,
Bachelor's Degree,888,15912300,2377400,Information Tech,Male,
Bachelor's Degree,924,14596300,2189300,Finance,Male,
High School,884,15860200,2382900,Finance,Male,
Bachelor's Degree,876,14597200,2197200,Technology,Male,
Bachelor's Degree,916,14674200,2216200,Retail,Male,
College,1288,15714600,2483600,Retail,Male,
Master's Degree,998,45900,7900,Professional and Business S.,Male,
Bachelor's Degree,747,45900,7900,Retail,Female,
Associate's Degree,871,45900,7900,Agriculture,Female,
Master's Degree,1075,45900,7900,Agriculture,Female,
Associate's Degree,931,45900,7900,Energy,Female,
Master's Degree,722,68000,12000,Retail,Male,
Master's Degree,528,52700,9300,Retail,Male,
Associate's Degree,529,35700,6300,Healthcare,Female,
Bachelor's Degree,192,52700,9300,Finance,Male,
High School Diploma,193,34000,6000,Agriculture,Female,
Bachelor's Degree,30,65450,11550,Manufacturing,Male,
High School Diploma,31,44200,7800,Retail,Female,
High School Diploma,1054,68000,12000,Agriculture,Male,
Master's Degree,910,68000,12000,Hospitality,Male,
Bachelor's Degree,524,65450,11550,Construction,Male,
High School Diploma,525,44200,7800,Agriculture,Female,
Master's Degree,188,68000,12000,Healthcare,Male,
Associate's Degree,189,44200,7800,Wholesale Trade,Female,
Associate's Degree,191,44200,7800,Manufacturing,Female,
High School Diploma,618,56950,10050,Professional and Business S.,Male,
Associate's Degree,568,140250,24750,Energy,Male,
Bachelor's Degree,569,89250,15750,Healthcare,Female,
High School Diploma,570,56950,10050,Professional and Business S.,Male,
High School Diploma,521,51000,9000,Healthcare,Female,
Associate's Degree,522,56950,10050,Professional and Business S.,Male,
Bachelor's Degree,474,93500,16500,Retail,Male,
High School Diploma,475,63750,11250,Agriculture,Female,
High School Diploma,283,123250,21750,Finance,Female,
Bachelor's Degree,184,100300,17700,Education,Male,
High School Diploma,185,52700,9300,Retail,Female,
Bachelor's Degree,186,83300,14700,Education,Male,
Master's Degree,564,119000,21000,Energy,Male,
Bachelor's Degree,565,76500,13500,Finance,Female,
Bachelor's Degree,516,68000,12000,Manufacturing,Male,
High School Diploma,517,45050,7950,Education,Female,
Master's Degree,470,80750,14250,Wholesale Trade,Male,
Associate's Degree,471,56950,10050,Finance,Female,
Bachelor's Degree,182,25500,4500,Manufacturing,Male,
High School Diploma,183,51000,9000,Healthcare,Female,
Master's Degree,946,68000,12000,Education,Male,
Master's Degree,658,56950,10050,Energy,Male,
Master's Degree,561,93500,16500,Hospitality,Female,
Master's Degree,512,80750,14250,Healthcare,Male,
Associate's Degree,513,56950,10050,Finance,Female,
High School Diploma,226,39100,6900,Finance,Female,
Bachelor's Degree,227,25500,4500,Energy,Male,
High School Diploma,130,144500,25500,Manufacturing,Male,
Master's Degree,131,93500,16500,Education,Female,
Associate's Degree,556,131750,23250,Energy,Male,
Bachelor's Degree,557,85000,15000,Finance,Female,
Associate's Degree,558,140250,24750,Hospitality,Male,
Bachelor's Degree,508,93500,16500,Retail,Male,
High School Diploma,509,63750,11250,Agriculture,Female,
Master's Degree,462,83300,14700,Manufacturing,Female,
Associate's Degree,463,43350,7650,Retail,Male,
Bachelor's Degree,414,144500,25500,Agriculture,Male,
High School Diploma,415,93500,16500,Retail,Female,
Bachelor's Degree,270,39100,6900,Manufacturing,Male,
High School Diploma,271,25500,4500,Agriculture,Female,
Master's Degree,222,83300,14700,Manufacturing,Female,
Associate's Degree,223,43350,7650,Retail,Male,
Master's Degree,602,140250,24750,Energy,Male,
High School Diploma,1174,68000,12000,Professional and Business S.,Male,
Bachelor's Degree,548,136000,24000,Manufacturing,Male,
Bachelor's Degree,549,89250,15750,Finance,Female,
Master's Degree,212,56100,9900,Finance,Male,
Associate's Degree,213,36550,6450,Retail,Female,
Associate's Degree,166,68000,12000,Manufacturing,Male,
Master's Degree,543,68000,12000,Professional and Business S.,Female,
Bachelor's Degree,204,39100,6900,Education,Male,
High School Diploma,205,25500,4500,Healthcare,Female,
Master's Degree,90,51000,9000,Manufacturing,Male,
Associate's Degree,91,33150,5850,Retail,Female,
Bachelor's Degree,537,41650,7350,Retail,Female,
Master's Degree,200,51000,9000,Manufacturing,Male,
Associate's Degree,201,33150,5850,Retail,Female,
Master's Degree,202,68000,12000,Manufacturing,Male,
Associate's Degree,203,44200,7800,Retail,Female,
Bachelor's Degree,86,73950,13050,Energy,Male,
High School Diploma,87,39100,6900,Healthcare,Female,
Bachelor's Degree,532,68000,12000,"Trade, Transportation, Util.",Male,
High School Diploma,533,45900,8100,Energy,Female,
High School Diploma,534,140250,24750,Finance,Male,
Bachelor's Degree,196,73950,13050,Energy,Male,
High School Diploma,197,39100,6900,Healthcare,Female,
Master's Degree,594,56950,10050,Finance,Male,
Bachelor's Degree,545,80750,14250,Energy,Female,
Master's Degree,354,123250,21750,Energy,Male,
Associate's Degree,355,80750,14250,Education,Female,
Bachelor's Degree,208,83300,14700,Agriculture,Male,
High School Diploma,209,43350,7650,Healthcare,Female,
High School Diploma,179,67500,12500,Finance,Female,
Master's Degree,362,92750,17250,Manufacturing,Male,
Bachelor's Degree,1280,13737500,2577300,Technology,Male,
Bachelor's Degree,518,100750,19250,Manufacturing,Male,
High School Diploma,435,154500,30500,Healthcare,Female,
High School Diploma,1281,8698900,1734200,Retail,Female,
High School Diploma,423,92000,19000,Wholesale Trade,Female,
Bachelor's Degree,451,92000,19000,Construction,Female,
Bachelor's Degree,366,67840,14160,Education,Male,
High School Diploma,619,80750,17250,Finance,Female,
Master's Degree,571,80750,17250,Finance,Female,
Master's Degree,523,80750,17250,"Trade, Transportation, Util.",Female,
Associate's Degree,659,80750,17250,Professional and Business S.,Female,
Master's Degree,514,80750,17250,Healthcare,Male,
Master's Degree,595,80750,17250,Hospitality,Female,
Bachelor's Degree,438,102500,22500,Manufacturing,Male,
Associate's Degree,491,68000,15100,Construction,Female,
Bachelor's Degree,773,900000,200000,Finance and Insurance,Female,
Master's Degree,88,98000,22000,Finance,Male,
Master's Degree,718,34900,7900,Finance,Male,
Associate's Degree,971,34900,7900,Energy,Female,
Bachelor's Degree,586,34900,7900,Finance,Male,
High School Diploma,101,93500,21500,Retail,Female,
Master's Degree,1259,12442000,3076900,Manufacturing,Female,
Bachelor's Degree,330,78300,19700,Wholesale Trade,Male,
Bachelor's Degree,194,52700,13300,Finance,Male,
High School Diploma,494,99000,26000,Education,Male,
Master's Degree,334,142000,38000,Finance,Male,
High School Diploma,455,68300,18700,Energy,Female,
High School Diploma,359,68300,18700,Energy,Female,
Bachelor's Degree,443,68300,18700,Retail,Female,
Master's Degree,498,68300,19500,Manufacturing,Male,
Associate's Degree,370,62000,18000,Energy,Male,
High School Diploma,439,62000,18000,Retail,Female,
High School Diploma,1079,31974,9837,Technology,Female,
Associate's Degree,454,110500,34500,Manufacturing,Male,
Associate's Degree,358,110500,34500,Manufacturing,Male,
Bachelor's Degree,1277,8071900,2820700,Hospitality,Female,
Bachelor's Degree,788,200000,70000,Finance,Male,
Bachelor's Degree,422,92500,32500,Energy,Male,
Master's Degree,450,92500,32500,Agriculture,Male,
College,1276,12733800,4494200,Energy,Male,
Master's Degree,490,102000,38500,Energy,Male,
High School Diploma,187,52700,22300,Retail,Female,
Bachelor's Degree,510,99000,41990,Retail,Male,
Bachelor's Degree,239,4621000,2102000,Healthcare,Male,
High School Diploma,331,144900,66100,Retail,Female,
Associate's Degree,407,61000,29000,Retail,Female,
Associate's Degree,419,41700,20300,Education,Female,
Master's Degree,418,34200,17800,Finance,Male,
Bachelor's Degree,502,60750,34560,Agriculture,Male,
Master's Degree,478,55500,32500,Construction,Male,
Bachelor's Degree,278,73950,44050,Finance,Male,
Bachelor's Degree,198,73950,44050,Energy,Male,
High School Diploma,519,56950,38050,Education,Female,
Bachelor's Degree,279,39100,26900,Manufacturing,Male,
High School Diploma,199,39100,26900,Healthcare,Female,
Bachelor's Degree,777,82000,58000,Government and Public Admin.,Female,
Bachelor's Degree,769,250000,200000,Finance,Female,
Associate's Degree,515,56950,53050,Finance,Female,
Master's Degree,190,7800500,7481500,Healthcare,Male,
Associate's Degree,707,9900,9900,Education,Female,
Associate's Degree,776,200000,200000,Retail,Male,
Bachelor's Degree,801,150000,200000,Construction,Female,
High School Diploma,785,150000,200000,Manufacturing,Female,
